name,year,rated,duration_min,genre,rating,metascore,director,votes
Tenet,2020,PG-13,150,Action,7.8,69,Christopher Nolan,114894
Knives Out,2019,PG-13,130,Comedy,7.9,82,Rian Johnson,390673
One Flew Over the Cuckoo's Nest,1975,R,133,Drama,8.7,83,Milos Forman,895073
Joker,2019,R,122,Crime,8.5,59,Todd Phillips,869106
Interstellar,2014,PG-13,169,Adventure,8.6,74,Christopher Nolan,1459428
The Princess Bride,1987,PG,98,Adventure,8.1,77,Rob Reiner,386645
Avengers: Endgame,2019,PG-13,181,Action,8.4,78,Avengers: Infinity War,763702
Ford v Ferrari,2019,PG-13,152,Action,8.1,81,Carroll Shelby,259313
Harry Potter and the Sorcerer's Stone,2001,PG,152,Adventure,7.6,64,Chris Columbus,628712
Mulan,1998,G,88,Animation,7.6,71,Tony Bancroft,249169
Inception,2010,PG-13,148,Action,8.8,74,Christopher Nolan,2013441
Parasite,2019,R,132,Comedy,8.6,96,Bong Joon Ho,482413
Once Upon a Time... In Hollywood,2019,R,161,Comedy,7.6,83,Quentin Tarantino,514084
Hamilton,2020,PG-13,160,Biography,8.7,90,Thomas Kail,41198
The Dark Knight,2008,PG-13,152,Action,9,84,Christopher Nolan,2251409
Jojo Rabbit,2019,PG-13,108,Comedy,7.9,58,Taika Waititi,260690
The Gentlemen,2019,R,113,Action,7.9,51,Guy Ritchie,185277
The Shawshank Redemption,1994,R,142,Drama,9.3,80,Frank Darabont,2286590
Pride & Prejudice,2005,PG,129,Drama,7.8,82,Joe Wright,249715
Blade Runner 2049,2017,R,164,Action,8,81,Denis Villeneuve,443861
Zodiac,2007,R,157,Crime,7.7,78,David Fincher,447938
The Peanut Butter Falcon,2019,PG-13,97,Comedy,7.6,70,Tyler Nilson,55115
The Wolf of Wall Street,2013,R,180,Biography,8.2,75,Jordan Belfort,1146853
Back to the Future,1985,PG,116,Adventure,8.5,87,Robert Zemeckis,1031580
Deadpool 2,2018,R,119,Action,7.7,66,David Leitch,463114
The Godfather,1972,R,175,Crime,9.2,100,Francis Ford Coppola,1578361
The Silence of the Lambs,1991,R,118,Crime,8.6,85,Jonathan Demme,1238956
The Goonies,1985,PG,114,Adventure,7.8,62,Richard Donner,238612
Little Women,2019,PG,135,Drama,7.8,91,Greta Gerwig,125033
Avengers: Infinity War,2018,PG-13,149,Action,8.4,68,Anthony Russo,801641
Memento,2000,R,113,Mystery,8.4,80,Christopher Nolan,1103308
Almost Famous,2000,R,122,Adventure,7.9,90,Cameron Crowe,248333
1917,2019,R,119,Drama,8.3,78,Sam Mendes,370440
The Dark Knight Rises,2012,PG-13,164,Action,8.4,78,Christopher Nolan,1485988
Tombstone,1993,R,130,Action,7.8,50,George P. Cosmatos,123560
Pulp Fiction,1994,R,154,Crime,8.9,94,Quentin Tarantino,1786068
Dunkirk,2017,PG-13,106,Action,7.9,94,Christopher Nolan,535779
Deadpool,2016,R,108,Action,8,65,Tim Miller,884655
The Prestige,2006,PG-13,130,Drama,8.5,66,Christopher Nolan,1160782
Casino Royale,2006,PG-13,144,Action,8,80,Martin Campbell,572128
Titanic,1997,PG-13,194,Drama,7.8,75,James Cameron,1025732
Mad Max: Fury Road,2015,R,120,Action,8.1,90,George Miller,859728
Room,2015,R,118,Drama,8.1,86,Lenny Abrahamson,359550
The Shining,1980,R,146,Drama,8.4,66,Stanley Kubrick,873094
The Matrix,1999,R,136,Action,8.7,73,Lana Wachowski,1637843
Prisoners,2013,R,153,Crime,8.1,70,Denis Villeneuve,583973
Kingsman: The Secret Service,2014,R,129,Action,7.7,60,Matthew Vaughn,581008
The Lord of the Rings: The Fellowship of the Ring,2001,PG-13,178,Action,8.8,92,Peter Jackson,1624638
Call Me by Your Name,2017,R,132,Drama,7.9,93,Luca Guadagnino,201033
Thor: Ragnarok,2017,PG-13,130,Action,7.9,74,Taika Waititi,567401
The Truman Show,1998,PG,103,Comedy,8.1,90,Peter Weir,914408
La La Land,2016,PG-13,128,Comedy,8,94,Damien Chazelle,490230
300,2006,R,117,Action,7.6,52,Zack Snyder,723672
Willy Wonka & the Chocolate Factory,1971,G,100,Family,7.8,67,Mel Stuart,174615
Jaws,1975,PG,124,Adventure,8,87,Steven Spielberg,536856
12 Angry Men,1957,Approved,96,Crime,8.9,96,Sidney Lumet,671448
E.T. the Extra-Terrestrial,1982,PG,115,Family,7.8,91,Steven Spielberg,363894
Marriage Story,2019,R,137,Comedy,8,94,Noah Baumbach,229875
Fargo,1996,R,98,Crime,8.1,85,Joel Coen,602718
"The Good, the Bad and the Ugly",1966,R,178,Western,8.8,90,Sergio Leone,674733
Boogie Nights,1997,R,155,Drama,7.9,85,Paul Thomas Anderson,234538
Home Alone,1990,PG,103,Comedy,7.6,63,Chris Columbus,452875
American History X,1998,R,119,Drama,8.5,62,Tony Kaye,1016842
The Perks of Being a Wallflower,2012,PG-13,103,Drama,8,67,Stephen Chbosky,453063
A Beautiful Mind,2001,PG-13,135,Biography,8.2,72,John Nash,830338
Ex Machina,2014,R,108,Drama,7.7,78,Alex Garland,464168
Wonder,2017,PG,113,Drama,8,66,Stephen Chbosky,135217
Terminator 2: Judgment Day,1991,R,137,Action,8.5,75,James Cameron,977787
2001: A Space Odyssey,1968,G,149,Adventure,8.3,84,Stanley Kubrick,590113
Glory,1989,R,122,Biography,7.8,78,Robert Gould Shaw,119594
Apocalypto,2006,R,139,Action,7.8,68,Mel Gibson,286888
The Martian,2015,PG-13,144,Adventure,8,80,Ridley Scott,743218
The Nightmare Before Christmas,1993,PG,76,Animation,8,82,Henry Selick,286088
Edge of Tomorrow,2014,PG-13,113,Action,7.9,71,Doug Liman,587826
The Hateful Eight,2015,R,168,Crime,7.8,68,Quentin Tarantino,501050
Mulholland Drive,2001,R,147,Drama,8,85,David Lynch,314116
The Hobbit: The Desolation of Smaug,2013,PG-13,161,Adventure,7.8,66,Peter Jackson,591973
Out of the Past,1947,Not Rated,97,Crime,8,0,Jacques Tourneur,31967
Aliens,1986,R,137,Action,8.3,84,James Cameron,641348
The Handmaiden,2016,Not Rated,145,Drama,8.1,84,Chan-wook Park,105803
V for Vendetta,2005,R,132,Action,8.2,62,James McTeigue,1012476
Raiders of the Lost Ark,1981,PG,115,Action,8.4,85,Adolf Hitler,867915
Reservoir Dogs,1992,R,99,Crime,8.3,79,Quentin Tarantino,899474
The Big Short,2015,R,130,Biography,7.8,81,Adam McKay,350568
Love Actually,2003,R,135,Comedy,7.6,55,Richard Curtis,416469
The Sixth Sense,1999,PG-13,107,Drama,8.1,64,M. Night Shyamalan,896758
Casino,1995,R,178,Crime,8.2,73,Martin Scorsese,454798
The Girl with the Dragon Tattoo,2011,R,158,Crime,7.8,71,David Fincher,412960
Sin City,2005,R,124,Crime,8,74,Frank Miller,733853
Oldboy,2003,R,120,Action,8.4,77,Chan-wook Park,503043
The Thing,1982,R,109,Horror,8.1,57,John Carpenter,361523
Coco,2017,PG,105,Animation,8.4,81,Lee Unkrich,355579
Stardust,2007,PG-13,127,Adventure,7.6,66,Matthew Vaughn,250837
Snatch,2000,R,102,Comedy,8.3,55,Guy Ritchie,768564
Trainspotting,1996,R,93,Drama,8.1,83,Danny Boyle,624876
The Help,2011,PG-13,146,Drama,8,62,Tate Taylor,420650
Drive,2011,R,100,Crime,7.8,78,Nicolas Winding Refn,560272
Incendies,2010,R,131,Drama,8.3,80,Denis Villeneuve,143686
Airplane!,1980,PG,88,Comedy,7.7,78,Jim Abrahams,209505
Die Hard,1988,R,132,Action,8.2,72,John McTiernan,769885
Pirates of the Caribbean: The Curse of the Black Pearl,2003,PG-13,143,Action,8,63,Gore Verbinski,1002932
Arrival,2016,PG-13,116,Drama,7.9,81,Denis Villeneuve,578312
Sicario,2015,R,121,Action,7.6,82,Denis Villeneuve,362283
Apocalypse Now,1979,R,147,Drama,8.4,94,Francis Ford Coppola,593233
The Lord of the Rings: The Return of the King,2003,PG-13,201,Action,8.9,94,Peter Jackson,1608924
The Social Network,2010,PG-13,120,Biography,7.7,95,Mark Zuckerberg,610830
The Breakfast Club,1985,R,97,Comedy,7.8,66,John Hughes,350324
The Notebook,2004,PG-13,123,Drama,7.8,53,Nick Cassavetes,509850
The Avengers,2012,PG-13,143,Action,8,69,Joss Whedon,1243628
Ferris Bueller's Day Off,1986,PG-13,103,Comedy,7.8,61,John Hughes,314929
Atonement,2007,R,123,Drama,7.8,85,Joe Wright,245005
Green Book,2018,PG-13,130,Biography,8.2,69,Peter Farrelly,345719
Iron Man,2008,PG-13,126,Action,7.9,79,Jon Favreau,923018
The Theory of Everything,2014,PG-13,123,Biography,7.7,72,Stephen Hawking,393080
Baby Driver,2017,R,113,Action,7.6,86,Edgar Wright,424665
The Revenant,2015,R,156,Action,8,76,Alejandro G. Iñárritu,687413
The Lion King,1994,G,88,Animation,8.5,88,Roger Allers,920432
Captain Fantastic,2016,R,118,Comedy,7.9,72,Matt Ross,183054
Skyfall,2012,PG-13,143,Action,7.7,81,Sam Mendes,621659
Whiplash,2014,R,106,Drama,8.5,88,Damien Chazelle,693928
Star Wars: Episode IV - A New Hope,1977,PG,121,Action,8.6,90,George Lucas,1207357
The Terminator,1984,R,107,Action,8,84,James Cameron,786745
The Hobbit: An Unexpected Journey,2012,PG-13,169,Adventure,7.8,58,Peter Jackson,747248
Harry Potter and the Half-Blood Prince,2009,PG,153,Action,7.6,78,Daniel Radcliffe,459946
The Godfather: Part II,1974,R,202,Crime,9,90,Francis Ford Coppola,1102745
Dazed and Confused,1993,R,102,Comedy,7.6,78,Richard Linklater,162040
The Curious Case of Benjamin Button,2008,PG-13,166,Drama,7.8,70,David Fincher,577255
Stand by Me,1986,R,89,Adventure,8.1,75,Rob Reiner,356890
Donnie Darko,2001,R,113,Drama,8,88,Richard Kelly,729742
Logan,2017,R,137,Action,8.1,77,James Mangold,630139
Catch Me If You Can,2002,PG-13,141,Biography,8.1,75,Frank Abagnale Jr.,804335
Spirited Away,2001,PG,125,Animation,8.6,96,Hayao Miyazaki,630029
Rogue One: A Star Wars Story,2016,PG-13,133,Action,7.8,65,Gareth Edwards,540318
The Fifth Element,1997,PG-13,126,Action,7.7,52,Luc Besson,426890
Her,2013,R,126,Drama,8,90,Spike Jonze,526071
True Romance,1993,R,119,Crime,7.9,59,Tony Scott,203151
Close Encounters of the Third Kind,1977,PG,138,Drama,7.6,90,Steven Spielberg,181092
Toy Story 4,2019,G,100,Animation,7.8,84,Josh Cooley,190995
Heat,1995,R,170,Crime,8.2,76,Michael Mann,564337
Dead Poets Society,1989,PG,128,Comedy,8.1,79,Peter Weir,412884
Captain America: Civil War,2016,PG-13,147,Action,7.8,75,Anthony Russo,646772
Memories of Murder,2003,Not Rated,132,Action,8.1,82,Bong Joon Ho,129647
The Grand Budapest Hotel,2014,R,99,Adventure,8.1,88,Wes Anderson,690021
Full Metal Jacket,1987,R,116,Drama,8.3,76,Stanley Kubrick,660522
Harry Potter and the Deathly Hallows: Part 1,2010,PG-13,146,Adventure,7.7,65,David Yates,464857
Being John Malkovich,1999,R,113,Comedy,7.7,90,John Malkovich,306528
There Will Be Blood,2007,R,158,Drama,8.2,93,Paul Thomas Anderson,504979
Nightcrawler,2014,R,117,Crime,7.9,76,Dan Gilroy,451508
The Lord of the Rings: The Two Towers,2002,PG-13,179,Action,8.7,87,Peter Jackson,1454059
Ratatouille,2007,G,111,Animation,8,96,Brad Bird,626621
Goodfellas,1990,R,146,Biography,8.7,90,Henry Hill,995342
Requiem for a Dream,2000,R,102,Drama,8.3,68,Darren Aronofsky,750860
Jurassic Park,1993,PG-13,127,Action,8.1,68,Steven Spielberg,849018
Se7en,1995,R,127,Crime,8.6,65,David Fincher,1407511
Watchmen,2009,R,162,Action,7.6,56,Zack Snyder,492712
A Star Is Born,2018,R,136,Drama,7.7,88,Bradley Cooper,321026
Fight Club,1999,R,139,Drama,8.8,66,David Fincher,1813413
Braveheart,1995,R,178,Biography,8.3,68,Mel Gibson,943878
Gladiator,2000,R,155,Action,8.5,67,Ridley Scott,1312423
Batman Begins,2005,PG-13,140,Action,8.2,70,Christopher Nolan,1282826
Gone Girl,2014,R,149,Drama,8.1,79,David Fincher,836835
Django Unchained,2012,R,165,Drama,8.4,81,Quentin Tarantino,1322920
Harry Potter and the Deathly Hallows: Part 2,2011,PG-13,130,Adventure,8.1,85,David Yates,745928
No Country for Old Men,2007,R,122,Crime,8.1,91,Ethan Coen,835044
Harry Potter and the Goblet of Fire,2005,PG-13,157,Adventure,7.7,81,Mike Newell,532567
Forrest Gump,1994,PG-13,142,Drama,8.8,82,Robert Zemeckis,1761981
The Green Mile,1999,R,189,Crime,8.6,61,Frank Darabont,1117198
Inglourious Basterds,2009,R,153,Adventure,8.3,69,Quentin Tarantino,1234497
Good Will Hunting,1997,R,126,Drama,8.3,70,Gus Van Sant,840631
Saving Private Ryan,1998,R,169,Drama,8.6,91,Steven Spielberg,1208064
The Irishman,2019,R,209,Biography,7.9,94,Jimmy Hoffa,307105
Bohemian Rhapsody,2018,PG-13,134,Biography,8,49,Queen,435563
Guardians of the Galaxy,2014,PG-13,121,Action,8,76,James Gunn,1025816
The Departed,2006,R,151,Crime,8.5,85,Martin Scorsese,1163517
Spider-Man: Into the Spider-Verse,2018,PG,117,Animation,8.4,87,Bob Persichetti,339681
Eternal Sunshine of the Spotless Mind,2004,R,108,Drama,8.3,89,Michel Gondry,893120
Schindler's List,1993,R,195,Biography,8.9,94,Oskar Schindler,1187269
American Psycho,2000,R,101,Comedy,7.6,64,Mary Harron,475802
Casablanca,1942,PG,102,Drama,8.5,100,Michael Curtiz,511701
Get Out,2017,R,104,Horror,7.7,85,Jordan Peele,474998
The Big Lebowski,1998,R,117,Comedy,8.1,71,Joel Coen,716541
Blade Runner,1982,R,117,Action,8.1,84,Ridley Scott,680260
The Usual Suspects,1995,R,106,Crime,8.5,77,Bryan Singer,971930
Léon: The Professional,1994,R,110,Action,8.5,64,Luc Besson,1011222
Taxi Driver,1976,R,114,Crime,8.3,94,Martin Scorsese,706210
Hacksaw Ridge,2016,R,139,Biography,8.1,71,Desmond T. Doss,420614
Harry Potter and the Prisoner of Azkaban,2004,PG,142,Adventure,7.9,82,Alfonso Cuarón,535334
Moana,2016,PG,107,Animation,7.6,81,Ron Clements,262448
Alien,1979,R,117,Horror,8.4,89,Ridley Scott,771477
Mission: Impossible - Fallout,2018,PG-13,147,Action,7.7,86,Christopher McQuarrie,282455
A Clockwork Orange,1971,R,136,Crime,8.3,77,Stanley Kubrick,742681
Avatar,2009,PG-13,162,Action,7.8,83,James Cameron,1103334
Back to the Future Part II,1989,PG,108,Adventure,7.8,57,Robert Zemeckis,469817
Portrait of a Lady on Fire,2019,R,122,Drama,8.1,95,Céline Sciamma,51823
Psycho,1960,R,109,Horror,8.5,97,Alfred Hitchcock,589347
American Beauty,1999,R,122,Drama,8.3,84,Sam Mendes,1051777
Scarface,1983,R,170,Crime,8.3,65,Brian De Palma,723900
Shutter Island,2010,R,138,Mystery,8.2,63,Martin Scorsese,1100567
Guardians of the Galaxy Vol. 2,2017,PG-13,136,Action,7.6,67,James Gunn,552728
"Three Billboards Outside Ebbing, Missouri",2017,R,115,Comedy,8.2,88,Martin McDonagh,414234
Halloween,1978,R,91,Horror,7.8,87,John Carpenter,223226
Inside Out,2015,PG,95,Animation,8.1,94,Pete Docter,595119
Kill Bill: Vol. 1,2003,R,111,Action,8.1,69,Quentin Tarantino,980436
The Invisible Guest,2016,,106,Crime,8.1,0,Oriol Paulo,129000
About Time,2013,R,123,Comedy,7.8,55,Richard Curtis,290912
Captain America: The Winter Soldier,2014,PG-13,136,Action,7.7,70,Anthony Russo,721165
The Exorcist,1973,R,122,Horror,8,81,William Friedkin,355080
"Synecdoche, New York",2008,R,124,Drama,7.6,67,Charlie Kaufman,80621
The Blues Brothers,1980,R,133,Action,7.9,60,John Landis,179470
Spotlight,2015,R,129,Biography,8.1,93,Tom McCarthy,408530
Zootopia,2016,PG,108,Animation,8,78,Byron Howard,422785
Once Upon a Time in America,1984,R,229,Crime,8.4,0,Sergio Leone,303602
Big Fish,2003,PG-13,125,Adventure,8,58,Tim Burton,409365
Into the Wild,2007,R,148,Adventure,8.1,73,Sean Penn,562264
Your Name.,2016,PG,106,Animation,8.4,79,Makoto Shinkai,180731
Life Is Beautiful,1997,PG-13,116,Comedy,8.6,59,Roberto Benigni,608044
Kick-Ass,2010,R,117,Action,7.6,66,Matthew Vaughn,518555
X-Men: First Class,2011,PG-13,131,Action,7.7,65,Matthew Vaughn,638097
The Hangover,2009,R,100,Comedy,7.7,73,Todd Phillips,707376
Black Swan,2010,R,108,Drama,8,79,Darren Aronofsky,687758
Platoon,1986,R,120,Drama,8.1,92,Oliver Stone,374388
Dances with Wolves,1990,PG-13,181,Adventure,8,72,Kevin Costner,235716
Finding Nemo,2003,G,100,Animation,8.1,90,Andrew Stanton,930660
Ghostbusters,1984,PG,105,Action,7.8,71,Ivan Reitman,348132
What We Do in the Shadows,2014,R,86,Comedy,7.7,76,Jemaine Clement,151627
Ocean's Eleven,2001,PG-13,116,Crime,7.7,74,Steven Soderbergh,505711
Star Trek,2009,PG-13,127,Action,7.9,82,J.J. Abrams,572436
Hot Fuzz,2007,R,121,Action,7.8,81,Edgar Wright,455476
The Sound of Music,1965,G,172,Biography,8,63,Robert Wise,199089
12 Years a Slave,2013,R,134,Biography,8.1,96,Solomon Northup,626716
Star Wars: Episode VII - The Force Awakens,2015,PG-13,138,Action,7.9,80,J.J. Abrams,846762
The Imitation Game,2014,PG-13,114,Biography,8,73,Alan Turing,670202
Changeling,2008,R,141,Biography,7.7,63,Clint Eastwood,234686
Lost in Translation,2003,R,102,Comedy,7.7,89,Sofia Coppola,405034
Midnight in Paris,2011,PG-13,94,Comedy,7.7,81,Woody Allen,381222
Star Wars: Episode V - The Empire Strikes Back,1980,PG,124,Action,8.7,82,Irvin Kershner,1135438
Edward Scissorhands,1990,PG-13,105,Drama,7.9,74,Tim Burton,438343
Moneyball,2011,PG-13,133,Biography,7.6,87,Bennett Miller,356150
X-Men: Days of Future Past,2014,PG-13,132,Action,7.9,75,Bryan Singer,651604
Million Dollar Baby,2004,PG-13,132,Drama,8.1,86,Clint Eastwood,625059
Donnie Brasco,1997,R,127,Biography,7.7,76,Mike Newell,273005
The Incredibles,2004,PG,115,Animation,8,90,Brad Bird,644431
Deliverance,1972,R,109,Adventure,7.7,80,John Boorman,97091
Children of Men,2006,R,109,Adventure,7.9,84,Alfonso Cuarón,457685
Blue Is the Warmest Colour,2013,NC-17,180,Drama,7.7,89,Abdellatif Kechiche,135808
Birdman or (The Unexpected Virtue of Ignorance),2014,R,119,Comedy,7.7,87,Alejandro G. Iñárritu,568283
Young Frankenstein,1974,PG,106,Comedy,8,80,Mel Brooks,140897
Brokeback Mountain,2005,R,134,Drama,7.7,87,Ang Lee,317871
Remember the Titans,2000,PG,113,Biography,7.8,48,Boaz Yakin,194846
The Wizard of Oz,1939,PG,102,Adventure,8,100,Victor Fleming,366873
Hidden Figures,2016,PG,127,Biography,7.8,74,Theodore Melfi,194139
Scent of a Woman,1992,R,156,Drama,8,59,Martin Brest,255093
City of God,2002,R,130,Crime,8.6,79,Fernando Meirelles,687596
Warrior,2011,PG-13,140,Action,8.2,71,Gavin O'Connor,428733
Vertigo,1958,PG,128,Mystery,8.3,100,Alfred Hitchcock,354587
Gone with the Wind,1939,Passed,238,Drama,8.1,97,Victor Fleming,284826
Toy Story,1995,G,81,Animation,8.3,95,John Lasseter,867343
Pan's Labyrinth,2006,R,118,Drama,8.2,98,Guillermo del Toro,608477
Minority Report,2002,PG-13,145,Action,7.6,80,Steven Spielberg,500008
Misery,1990,R,107,Drama,7.8,75,Rob Reiner,179923
Shrek,2001,PG,90,Animation,7.8,84,Andrew Adamson,601841
Superbad,2007,R,113,Comedy,7.6,76,Greg Mottola,512584
Howl's Moving Castle,2004,PG,119,Animation,8.2,80,Hayao Miyazaki,321208
Capernaum,2018,R,126,Drama,8.4,75,Nadine Labaki,54894
My Cousin Vinny,1992,R,120,Comedy,7.6,68,Jonathan Lynn,104522
The Blind Side,2009,PG-13,129,Biography,7.6,53,John Lee Hancock,286897
Predator,1987,R,107,Action,7.8,45,John McTiernan,365536
The Pianist,2002,R,150,Biography,8.5,85,Roman Polanski,710636
Rush,2013,R,123,Action,8.1,74,James Hunt,424261
WALL·E,2008,G,98,Animation,8.4,95,Andrew Stanton,977828
The Intouchables,2011,R,112,Biography,8.5,57,Olivier Nakache,739379
12 Monkeys,1995,R,129,Mystery,8,74,Terry Gilliam,569835
The Godfather: Part III,1990,R,162,Crime,7.6,60,Francis Ford Coppola,351496
Saw,2004,R,103,Horror,7.6,46,James Wan,372876
Rear Window,1954,PG,112,Mystery,8.4,100,Alfred Hitchcock,434135
Office Space,1999,R,89,Comedy,7.7,68,Mike Judge,238180
Star Wars: Episode VI - Return of the Jedi,1983,PG,131,Action,8.3,58,Richard Marquand,930748
The Hunt,2012,R,115,Drama,8.3,77,Thomas Vinterberg,270965
Sherlock Holmes,2009,PG-13,128,Action,7.6,57,Guy Ritchie,575132
Serenity,2005,PG-13,119,Action,7.8,74,Joss Whedon,280289
Dallas Buyers Club,2013,R,117,Biography,8,80,Jean-Marc Vallée,431550
Incredibles 2,2018,PG,118,Animation,7.6,80,Brad Bird,240739
Zombieland,2009,R,88,Adventure,7.6,73,Ruben Fleischer,512078
Rocky,1976,PG,120,Drama,8.1,70,John G. Avildsen,507693
Aladdin,1992,G,90,Animation,8,86,Ron Clements,365417
The Hunt for Red October,1990,PG,135,Action,7.6,58,John McTiernan,175497
"Monsters, Inc.",2001,G,92,Animation,8,79,Pete Docter,797437
Silver Linings Playbook,2012,R,122,Comedy,7.7,81,David O. Russell,652314
Big Hero 6,2014,PG,102,Animation,7.8,74,Don Hall,402122
Moonrise Kingdom,2012,PG-13,94,Comedy,7.8,84,Wes Anderson,312525
Tangled,2010,PG,100,Animation,7.7,71,Nathan Greno,397255
Amadeus,1984,R,160,Biography,8.3,88,Wolfgang Amadeus Mozart,362198
Unforgiven,1992,R,130,Drama,8.2,85,Clint Eastwood,368597
Walk the Line,2005,PG-13,136,Biography,7.8,72,Johnny Cash,230108
Before Sunrise,1995,R,101,Drama,8.1,77,Richard Linklater,264184
Argo,2012,R,120,Biography,7.7,86,Ben Affleck,564296
Little Miss Sunshine,2006,R,101,Comedy,7.8,80,Jonathan Dayton,432963
Shaun of the Dead,2004,R,99,Comedy,7.9,76,Edgar Wright,503568
Fear and Loathing in Las Vegas,1998,R,118,Adventure,7.6,41,Terry Gilliam,255688
A Few Good Men,1992,R,138,Drama,7.7,62,Rob Reiner,230252
Captain Phillips,2013,PG-13,134,Adventure,7.8,82,Richard Phillips,413410
In Bruges,2008,R,107,Comedy,7.9,67,Martin McDonagh,384598
The Last of the Mohicans,1992,R,112,Action,7.7,76,Michael Mann,146156
Rosemary's Baby,1968,Approved,137,Drama,8,96,Roman Polanski,188476
Citizen Kane,1941,PG,119,Drama,8.3,100,Orson Welles,390722
The Sandlot,1993,PG,101,Comedy,7.8,55,David Mickey Evans,77520
The Birds,1963,PG-13,119,Drama,7.7,90,Alfred Hitchcock,167884
Lion,2016,PG-13,118,Biography,8,69,Garth Davis,207666
Slumdog Millionaire,2008,R,120,Drama,8,84,Danny Boyle,787788
The Graduate,1967,PG,106,Comedy,8,83,Mike Nichols,250414
The Butterfly Effect,2004,R,113,Drama,7.6,30,Eric Bress,445218
Dog Day Afternoon,1975,R,125,Biography,8,86,Sidney Lumet,231389
"O Brother, Where Art Thou?",2000,PG-13,107,Adventure,7.7,69,Joel Coen,280212
The Last Samurai,2003,R,154,Action,7.7,55,Edward Zwick,393244
Despicable Me,2010,PG,95,Animation,7.6,72,Pierre Coffin,492394
Beauty and the Beast,1991,G,84,Animation,8,95,Gary Trousdale,411425
The Little Mermaid,1989,G,83,Animation,7.6,88,Ron Clements,232525
The Bourne Identity,2002,PG-13,119,Action,7.9,68,Doug Liman,500108
The Holy Mountain,1973,R,114,Adventure,7.9,76,Alejandro Jodorowsky,35644
Searching,2018,PG-13,102,Drama,7.6,71,Aneesh Chaganty,134321
Groundhog Day,1993,PG,101,Comedy,8,72,Harold Ramis,570369
Indiana Jones and the Temple of Doom,1984,PG,118,Action,7.6,57,Steven Spielberg,439462
Hell or High Water,2016,R,102,Action,7.6,88,David Mackenzie,199095
The Pursuit of Happyness,2006,PG-13,117,Biography,8,64,Gabriele Muccino,438772
Life of Pi,2012,PG,127,Adventure,7.9,79,Ang Lee,571636
Mr. Nobody,2009,R,141,Drama,7.8,63,Jaco Van Dormael,212403
How to Train Your Dragon 2,2014,PG,102,Animation,7.8,76,Dean DeBlois,299277
First Blood,1982,R,93,Action,7.7,61,Ted Kotcheff,222097
The Game,1997,R,129,Action,7.8,61,David Fincher,337740
500 Days of Summer,2009,PG-13,95,Comedy,7.7,76,Marc Webb,465445
This Is Spinal Tap,1984,R,82,Comedy,7.9,92,Rob Reiner,126948
Goldfinger,1964,PG,110,Action,7.7,87,Guy Hamilton,169215
Kill Bill: Vol. 2,2004,R,137,Action,8,83,Quentin Tarantino,670339
Hunt for the Wilderpeople,2016,PG-13,101,Adventure,7.9,81,Taika Waititi,105252
The Crow,1994,R,102,Action,7.6,71,Alex Proyas,163968
Dr. Strangelove or: How I Learned to Stop Worrying and Love the Bomb,1964,PG,95,Comedy,8.4,97,Stanley Kubrick,442437
Downfall,2004,R,156,Biography,8.2,82,Traudl Junge,325628
Y Tu Mamá También,2001,R,106,Drama,7.6,88,Alfonso Cuarón,113957
The Fugitive,1993,PG-13,130,Action,7.8,87,Andrew Davis,262848
Carlito's Way,1993,R,144,Crime,7.9,65,Brian De Palma,197238
Straight Outta Compton,2015,R,147,Biography,7.8,72,NWA,176590
Philadelphia,1993,PG-13,125,Drama,7.7,66,Jonathan Demme,220247
Moon,2009,R,97,Drama,7.9,67,Duncan Jones,330498
Gran Torino,2008,R,116,Drama,8.1,72,Clint Eastwood,708908
Sleepers,1996,R,147,Crime,7.6,49,Barry Levinson,184119
When Harry Met Sally...,1989,R,95,Comedy,7.6,76,Rob Reiner,191240
Blood Diamond,2006,R,143,Adventure,8,64,Edward Zwick,490868
It's a Wonderful Life,1946,PG,130,Drama,8.6,89,Frank Capra,389501
Do the Right Thing,1989,R,120,Comedy,8,93,Spike Lee,86664
Gone Baby Gone,2007,R,114,Crime,7.6,72,Ben Affleck,246258
True Grit,2010,PG-13,110,Drama,7.6,80,Ethan Coen,305962
Amélie,2001,R,122,Comedy,8.3,69,Jean-Pierre Jeunet,692190
Indiana Jones and the Last Crusade,1989,PG-13,127,Action,8.2,65,Adolf Hitler,678930
Primal Fear,1996,R,129,Crime,7.7,47,Gregory Hoblit,183072
Blue Velvet,1986,R,120,Drama,7.7,76,David Lynch,177165
Come and See,1985,Not Rated,142,Drama,8.3,0,Elem Klimov,54984
Adaptation.,2002,R,115,Comedy,7.7,83,Susan Orlean,174933
Crash,2004,R,112,Crime,7.7,66,Paul Haggis,415721
Wind River,2017,R,107,Crime,7.7,73,Taylor Sheridan,196357
Up,2009,PG,96,Animation,8.2,88,Pete Docter,914458
Once Upon a Time in the West,1968,PG-13,165,Western,8.5,80,Sergio Leone,296414
Toy Story 3,2010,G,103,Animation,8.3,92,Lee Unkrich,741923
"Lock, Stock and Two Smoking Barrels",1998,R,107,Action,8.2,66,Guy Ritchie,525975
Rebecca,1940,Approved,130,Drama,8.1,86,Alfred Hitchcock,119834
Cast Away,2000,PG-13,143,Adventure,7.8,73,Robert Zemeckis,512393
Training Day,2001,R,122,Crime,7.7,69,Antoine Fuqua,382579
L.A. Confidential,1997,R,138,Crime,8.2,90,Curtis Hanson,522926
American Gangster,2007,R,157,Biography,7.8,76,Ridley Scott,384394
Togo,2019,PG,113,Adventure,8,69,Ericson Core,31662
Mary Poppins,1964,G,139,Comedy,7.8,88,Robert Stevenson,154740
Mystic River,2003,R,138,Crime,7.9,84,Clint Eastwood,412428
The Florida Project,2017,R,111,Drama,7.6,92,Sean Baker,90727
Magnolia,1999,R,188,Drama,8,77,Paul Thomas Anderson,285282
Princess Mononoke,1997,PG-13,134,Animation,8.4,76,Hayao Miyazaki,332726
28 Days Later...,2002,R,113,Drama,7.6,73,Danny Boyle,370297
Gravity,2013,PG-13,91,Drama,7.7,96,Alfonso Cuarón,757412
Inside Man,2006,R,129,Crime,7.6,76,Spike Lee,332417
Breakfast at Tiffany's,1961,Approved,115,Comedy,7.6,76,Blake Edwards,163568
Seven Samurai,1954,Not Rated,207,Action,8.6,98,Akira Kurosawa,309172
Star Trek Into Darkness,2013,PG-13,132,Action,7.7,72,J.J. Abrams,459099
Black Hawk Down,2001,R,144,Drama,7.7,74,Ridley Scott,358922
Coraline,2009,PG,100,Animation,7.7,80,Henry Selick,191534
The Deer Hunter,1978,R,183,Drama,8.1,86,Michael Cimino,305344
Anatomy of a Murder,1959,Not Rated,161,Crime,8,95,Otto Preminger,58610
The Machinist,2004,R,101,Drama,7.7,61,Brad Anderson,352071
Manchester by the Sea,2016,R,137,Drama,7.8,96,Kenneth Lonergan,239414
Dil Bechara,2020,,101,Comedy,7.2,0,Mukesh Chhabra,103271
Chinatown,1974,R,130,Drama,8.2,92,Roman Polanski,287946
The Lives of Others,2006,R,137,Drama,8.4,89,Florian Henckel von Donnersmarck,350844
Sense and Sensibility,1995,PG,136,Drama,7.6,84,Ang Lee,99925
3 Idiots,2009,PG-13,170,Comedy,8.4,67,Rajkumar Hirani,333829
Taken,2008,PG-13,90,Action,7.8,51,Pierre Morel,558877
Who Framed Roger Rabbit,1988,PG,104,Animation,7.7,83,Robert Zemeckis,178962
The Thin Red Line,1998,R,170,Drama,7.6,78,James Jones,169704
Blazing Saddles,1974,R,93,Comedy,7.7,73,Mel Brooks,123851
How to Train Your Dragon,2010,PG,98,Animation,8.1,75,Dean DeBlois,653400
Boyz n the Hood,1991,R,112,Crime,7.8,76,John Singleton,122392
The Untouchables,1987,R,119,Crime,7.9,79,Eliot Ness,273732
Blow,2001,R,124,Biography,7.6,52,George Jung,237138
3:10 to Yuma,2007,R,122,Action,7.7,76,James Mangold,284718
The Royal Tenenbaums,2001,R,110,Comedy,7.6,76,Wes Anderson,261616
Grave of the Fireflies,1988,Not Rated,89,Animation,8.5,94,Isao Takahata,226902
The Fault in Our Stars,2014,PG-13,126,Drama,7.7,69,Josh Boone,337996
What's Eating Gilbert Grape,1993,PG-13,118,Drama,7.8,73,Lasse Hallström,210859
The Count of Monte Cristo,2002,PG-13,131,Action,7.8,61,Kevin Reynolds,127155
The Dirty Dozen,1967,Not Rated,150,Action,7.7,73,Robert Aldrich,65983
The Bourne Supremacy,2004,PG-13,108,Action,7.7,73,Paul Greengrass,428041
Wreck-It Ralph,2012,PG,101,Animation,7.7,72,Rich Moore,372543
Gifted,2017,PG-13,101,Drama,7.6,60,Marc Webb,96333
The Fighter,2010,R,116,Biography,7.8,79,Micky Ward,334923
I Saw the Devil,2010,Not Rated,144,Action,7.8,67,Jee-woon Kim,106679
District 9,2009,R,112,Action,7.9,81,Neill Blomkamp,631299
La Haine,1995,Not Rated,98,Crime,8.1,0,Mathieu Kassovitz,145314
The Elephant Man,1980,PG,124,Biography,8.1,78,David Lynch,215315
Monty Python and the Holy Grail,1975,PG,91,Adventure,8.2,91,Graham Chapman,492957
North by Northwest,1959,Approved,136,Adventure,8.3,98,Alfred Hitchcock,292749
Mad Max 2: The Road Warrior,1981,R,96,Action,7.6,77,George Miller,163926
Gattaca,1997,PG-13,106,Drama,7.8,64,Andrew Niccol,276368
The Naked Gun: From the Files of Police Squad!,1988,PG-13,85,Comedy,7.6,76,Queen Elizabeth II,149212
Brazil,1985,R,132,Drama,7.9,84,Terry Gilliam,184872
Awakenings,1990,PG-13,121,Biography,7.8,74,Penny Marshall,121343
The Warriors,1979,R,92,Action,7.6,65,Walter Hill,92095
The Boy in the Striped Pajamas,2008,PG-13,94,Drama,7.8,55,Mark Herman,186459
Butch Cassidy and the Sundance Kid,1969,PG,110,Biography,8,66,George Roy Hill,199521
The Magnificent Seven,1960,Approved,128,Action,7.7,74,John Sturges,86226
Mississippi Burning,1988,R,128,Crime,7.8,65,Alan Parker,86205
Lost Highway,1997,R,134,Mystery,7.6,52,David Lynch,128095
Man on Fire,2004,R,146,Action,7.7,47,Tony Scott,324519
Boyhood,2014,R,165,Drama,7.9,100,Richard Linklater,331423
The King's Speech,2010,R,118,Biography,8,88,King George VI,629595
Das Boot,1981,R,149,Adventure,8.3,86,Wolfgang Petersen,227265
Apollo 13,1995,PG,140,Adventure,7.6,77,Ron Howard,262870
Only the Brave,2017,PG-13,134,Action,7.6,72,Joseph Kosinski,55391
A Fistful of Dollars,1964,R,99,Action,8,65,Sergio Leone,193255
Rain Man,1988,R,133,Drama,8,65,Barry Levinson,466135
Ip Man,2008,R,106,Action,8,59,Wilson Yip,208532
Dangal,2016,Not Rated,161,Action,8.4,0,Mahavir Singh Phogat,149005
Lawrence of Arabia,1962,Approved,228,Adventure,8.3,100,T.E. Lawrence,262462
The Secret in Their Eyes,2009,R,129,Drama,8.2,80,Juan José Campanella,188637
Empire of the Sun,1987,PG,153,Action,7.7,62,Steven Spielberg,113533
Bridge of Spies,2015,PG-13,142,Drama,7.6,81,Steven Spielberg,282028
All the President's Men,1976,PG,138,Biography,8,84,Bob Woodward,100248
Fantastic Mr. Fox,2009,PG,87,Animation,7.9,83,Wes Anderson,193760
In the Mood for Love,2000,PG,98,Drama,8.1,85,Kar-Wai Wong,119826
Some Like It Hot,1959,Passed,121,Comedy,8.2,98,Billy Wilder,238931
Roma,2018,R,135,Drama,7.7,96,Alfonso Cuarón,135377
Falling Down,1993,R,113,Action,7.6,56,Joel Schumacher,167178
Laura,1944,Passed,88,Drama,8,0,Otto Preminger,41846
Raging Bull,1980,R,129,Biography,8.2,89,Jake LaMotta,314938
The Lego Movie,2014,PG,100,Animation,7.7,83,Christopher Miller,319964
Lethal Weapon,1987,R,109,Action,7.6,68,Richard Donner,232841
Stalker,1979,Not Rated,162,Drama,8.2,0,Andrei Tarkovsky,112656
The Wrestler,2008,R,109,Drama,7.9,80,Darren Aronofsky,286705
Double Indemnity,1944,Passed,107,Crime,8.3,95,Billy Wilder,140199
Barry Lyndon,1975,PG,185,Adventure,8.1,89,Stanley Kubrick,145939
The Boondock Saints,1999,R,108,Action,7.8,44,Troy Duffy,225048
Isle of Dogs,2018,PG-13,101,Animation,7.9,82,Wes Anderson,133591
"Crouching Tiger, Hidden Dragon",2000,PG-13,120,Action,7.8,94,Ang Lee,250057
My Neighbor Totoro,1988,G,86,Animation,8.2,86,Hayao Miyazaki,280178
Toy Story 2,1999,G,92,Animation,7.9,88,John Lasseter,516099
The Others,2001,PG-13,104,Horror,7.6,74,Alejandro Amenábar,331282
The Bridge on the River Kwai,1957,PG,161,Adventure,8.1,87,David Lean,199433
The Farewell,2019,PG,100,Comedy,7.6,89,Lulu Wang,45636
End of Watch,2012,R,109,Action,7.6,68,David Ayer,224982
Dark City,1998,R,100,Mystery,7.6,66,Alex Proyas,185592
Dogville,2003,R,178,Crime,8,60,Lars von Trier,135350
Akira,1988,R,124,Animation,8,0,Katsuhiro Ôtomo,160238
Papillon,1973,R,151,Biography,8,58,Franklin J. Schaffner,119711
To Kill a Mockingbird,1962,Approved,129,Crime,8.2,88,Robert Mulligan,289539
Wild Tales,2014,R,122,Comedy,8.1,77,Damián Szifron,171390
Shoplifters,2018,R,121,Crime,8,93,Hirokazu Koreeda,57372
Traffic,2000,R,147,Crime,7.6,86,Steven Soderbergh,193513
The Color Purple,1985,PG-13,154,Drama,7.8,78,Steven Spielberg,76730
The Skin I Live In,2011,R,120,Drama,7.6,70,Pedro Almodóvar,135552
Planet of the Apes,1968,G,112,Adventure,8,79,Franklin J. Schaffner,163208
The Fall,2006,R,117,Adventure,7.9,64,Tarsem Singh,106064
Perfect Blue,1997,R,81,Animation,8,0,Satoshi Kon,54706
Cinema Paradiso,1988,R,155,Drama,8.5,80,Giuseppe Tornatore,224171
Before Sunset,2004,R,80,Drama,8.1,90,Richard Linklater,229866
Road to Perdition,2002,R,117,Crime,7.7,72,Sam Mendes,242872
Singin' in the Rain,1952,G,103,Comedy,8.3,99,Stanley Donen,213985
A Silent Voice: The Movie,2016,Not Rated,130,Animation,8.1,78,Naoko Yamada,41694
The Great Escape,1963,Not Rated,172,Adventure,8.2,86,John Sturges,220395
Before Midnight,2013,R,109,Drama,7.9,94,Richard Linklater,137248
Roman Holiday,1953,Not Rated,118,Comedy,8,78,William Wyler,125044
As Good as It Gets,1997,PG-13,139,Comedy,7.7,67,James L. Brooks,270624
The Jungle Book,1967,G,78,Animation,7.6,65,Wolfgang Reitherman,162912
After Hours,1985,R,97,Comedy,7.7,90,Martin Scorsese,57181
JFK,1991,R,189,Drama,8,72,Jim Garrison,139166
Kung Fu Hustle,2004,R,99,Action,7.7,78,Stephen Chow,125122
Escape from Alcatraz,1979,PG,112,Action,7.6,76,Don Siegel,117888
A Bronx Tale,1993,R,121,Crime,7.8,80,Robert De Niro,125441
Fried Green Tomatoes,1991,PG-13,130,Drama,7.7,64,Jon Avnet,65671
Ponyo,2008,G,101,Animation,7.7,86,Hayao Miyazaki,120848
The Girl with the Dragon Tattoo,2009,R,152,Crime,7.8,76,Niels Arden Oplev,206434
The Great Beauty,2013,Not Rated,141,Drama,7.8,86,Paolo Sorrentino,79128
The Last Emperor,1987,PG-13,163,Biography,7.7,76,Bernardo Bertolucci,92215
Creed,2015,PG-13,133,Drama,7.6,82,Ryan Coogler,242405
Match Point,2005,R,124,Drama,7.6,72,Woody Allen,203380
Seven Pounds,2008,PG-13,123,Drama,7.6,36,Gabriele Muccino,282841
Rope,1948,Approved,80,Crime,8,73,Alfred Hitchcock,126495
Glengarry Glen Ross,1992,R,100,Crime,7.7,82,James Foley,94131
M,1931,Passed,99,Crime,8.3,0,Fritz Lang,139956
Like Stars on Earth,2007,PG,165,Drama,8.4,0,Aamir Khan,162812
The Name of the Rose,1986,R,130,Crime,7.7,54,Jean-Jacques Annaud,99607
The Iron Giant,1999,PG,86,Animation,8,85,Brad Bird,168835
Paths of Glory,1957,Approved,88,Drama,8.4,90,Stanley Kubrick,173525
The Last Picture Show,1971,R,118,Drama,8,93,Peter Bogdanovich,41396
Network,1976,R,121,Drama,8.1,83,Sidney Lumet,142337
Persona,1966,Not Rated,83,Drama,8.1,86,Ingmar Bergman,99521
Paddington 2,2017,PG,103,Adventure,7.8,88,Paul King,58408
Ran,1985,R,162,Action,8.2,96,Akira Kurosawa,109439
"Planes, Trains and Automobiles",1987,R,93,Comedy,7.6,72,John Hughes,119655
Funny Games,1997,Not Rated,108,Crime,7.6,69,Michael Haneke,63094
In the Heat of the Night,1967,Not Rated,110,Crime,7.9,75,Norman Jewison,66233
Ray,2004,PG-13,152,Biography,7.7,73,Ray Charles,136390
21 Grams,2003,R,124,Crime,7.7,70,Alejandro G. Iñárritu,221710
Barton Fink,1991,R,116,Comedy,7.7,69,Joel Coen,111223
Beasts of No Nation,2015,Not Rated,137,Drama,7.7,79,Cary Joji Fukunaga,71938
The World's Fastest Indian,2005,PG-13,127,Biography,7.8,68,Roger Donaldson,51350
The Tenant,1976,R,126,Drama,7.7,0,Roman Polanski,38678
Baahubali: The Beginning,2015,Not Rated,159,Action,8.1,0,S.S. Rajamouli,100507
I Am Sam,2001,PG-13,132,Drama,7.7,28,Jessie Nelson,141374
The Outlaw Josey Wales,1976,PG,135,Western,7.8,69,Clint Eastwood,64307
Dial M for Murder,1954,PG,105,Crime,8.2,75,Alfred Hitchcock,154074
Blow-Up,1966,Not Rated,111,Drama,7.6,82,Michelangelo Antonioni,55256
Giant,1956,G,201,Drama,7.6,84,George Stevens,33375
La Dolce Vita,1960,Not Rated,174,Comedy,8,95,Federico Fellini,64910
Dancer in the Dark,2000,R,140,Crime,8,61,Lars von Trier,100323
King Kong,1933,Passed,100,Adventure,7.9,90,Merian C. Cooper,77663
The Great Dictator,1940,Passed,125,Comedy,8.4,0,Charles Chaplin,198241
High Noon,1952,PG,85,Drama,7.9,89,Fred Zinnemann,95762
The Wind Rises,2013,PG-13,126,Animation,7.8,83,Hayao Miyazaki,70634
My Fair Lady,1964,G,170,Drama,7.8,95,George Cukor,85011
The Searchers,1956,Passed,119,Adventure,7.9,94,John Ford,78714
Three Colors: Red,1994,R,99,Drama,8.1,100,Krzysztof Kieslowski,88210
The Right Stuff,1983,PG,193,Adventure,7.8,91,Philip Kaufman,55085
8½,1963,Not Rated,138,Drama,8,0,Federico Fellini,106755
Kubo and the Two Strings,2016,PG,101,Animation,7.8,84,Travis Knight,115455
The Straight Story,1999,G,112,Biography,8,86,David Lynch,80238
Breathless,1960,Not Rated,90,Crime,7.9,0,Jean-Luc Godard,71371
Run Lola Run,1998,R,80,Crime,7.6,77,Tom Tykwer,186266
Lucky Number Slevin,2006,R,110,Crime,7.7,53,Paul McGuigan,297141
The Raid 2,2014,R,150,Action,8,71,Gareth Evans,112381
Mommy,2014,R,139,Drama,8.1,74,Xavier Dolan,48997
The Killing Fields,1984,R,141,Biography,7.8,76,Pol Pot,50712
Pink Floyd: The Wall,1982,R,95,Drama,8.1,47,Alan Parker,74943
The Man from Nowhere,2010,R,119,Action,7.8,0,Jeong-beom Lee,61209
25th Hour,2002,R,135,Drama,7.6,68,Spike Lee,168128
Happiness,1998,Unrated,134,Comedy,7.7,81,Todd Solondz,65544
Die Hard with a Vengeance,1995,R,128,Action,7.6,58,John McTiernan,357969
Sunset Blvd.,1950,Passed,110,Drama,8.4,0,Billy Wilder,196751
The Seventh Seal,1957,Not Rated,96,Drama,8.2,88,Ingmar Bergman,160137
Metropolis,1927,Not Rated,153,Drama,8.3,98,Fritz Lang,156746
Spartacus,1960,PG-13,197,Adventure,7.9,87,Stanley Kubrick,122301
Amores Perros,2000,R,154,Drama,8.1,83,Alejandro G. Iñárritu,219858
The Bourne Ultimatum,2007,PG-13,115,Action,8,85,Paul Greengrass,598379
Battle Royale,2000,Not Rated,114,Action,7.6,81,Kinji Fukasaku,166805
"Blood In, Blood Out",1993,R,180,Crime,8,47,Taylor Hackford,28388
The Sting,1973,PG,129,Comedy,8.3,83,George Roy Hill,237056
Naked,1993,Not Rated,132,Comedy,7.8,84,Mike Leigh,33461
Klaus,2019,PG,96,Animation,8.2,65,Sergio Pablos,75958
Annie Hall,1977,PG,93,Comedy,8,92,Woody Allen,248744
Sling Blade,1996,R,135,Drama,8,84,Billy Bob Thornton,85845
Snow White and the Seven Dwarfs,1937,Approved,83,Animation,7.6,95,William Cottrell,177738
"Paris, Texas",1984,R,145,Drama,8.1,78,Wim Wenders,87163
Kiki's Delivery Service,1989,G,103,Animation,7.8,83,Hayao Miyazaki,118758
Clerks,1994,R,92,Comedy,7.7,70,Kevin Smith,209531
The Raid: Redemption,2011,R,101,Action,7.6,73,Gareth Evans,187652
Eastern Promises,2007,R,100,Action,7.6,82,David Cronenberg,224336
Gangs of Wasseypur,2012,R,321,Action,8.2,89,Anurag Kashyap,79018
Monty Python's Life of Brian,1979,R,94,Comedy,8.1,77,Jesus Christ,360417
The Illusionist,2006,PG-13,110,Drama,7.6,68,Neil Burger,351198
Kramer vs. Kramer,1979,PG,105,Drama,7.8,77,Robert Benton,130237
Evil Dead II,1987,R,84,Action,7.8,72,Sam Raimi,145078
For a Few Dollars More,1965,R,132,Western,8.3,74,Sergio Leone,227125
Ghost in the Shell,1995,TV-MA,83,Animation,8,76,Mamoru Oshii,126021
Midnight Cowboy,1969,R,113,Drama,7.8,79,John Schlesinger,98989
On the Waterfront,1954,Approved,108,Crime,8.1,91,Elia Kazan,139084
Star Trek II: The Wrath of Khan,1982,PG,113,Action,7.7,67,Nicholas Meyer,111030
The Third Man,1949,Approved,93,Film-Noir,8.1,97,Carol Reed,155805
Hachi: A Dog's Tale,2009,G,93,Drama,8.1,0,Lasse Hallström,246847
Let the Right One In,2008,R,114,Crime,7.9,82,Tomas Alfredson,202990
The Ten Commandments,1956,G,220,Adventure,7.9,0,Cecil B. DeMille,62505
The Apartment,1960,Approved,125,Comedy,8.3,94,Billy Wilder,159870
Enemy at the Gates,2001,R,131,Drama,7.6,53,Jean-Jacques Annaud,238822
The Conversation,1974,PG,113,Drama,7.8,85,Francis Ford Coppola,95980
All That Jazz,1979,R,123,Drama,7.9,72,Bob Fosse,27416
In the Name of the Father,1993,R,133,Biography,8.1,84,Jim Sheridan,153392
Robin Hood,1973,G,83,Animation,7.6,57,Wolfgang Reitherman,113129
Andhadhun,2018,Not Rated,139,Crime,8.3,0,Sriram Raghavan,66567
Ed Wood,1994,R,127,Biography,7.8,70,Edward D. Wood Jr.,163175
Hero,2002,PG-13,120,Action,7.9,85,Yimou Zhang,172371
Ben-Hur,1959,G,212,Adventure,8.1,90,William Wyler,215455
Mother,2009,R,129,Crime,7.8,79,Bong Joon Ho,49441
Cabaret,1972,PG,124,Drama,7.7,80,Bob Fosse,47409
Night of the Living Dead,1968,Not Rated,96,Horror,7.9,89,George A. Romero,113609
Hotel Rwanda,2004,PG-13,121,Biography,8.1,79,Terry George,329946
Enter the Dragon,1973,R,102,Action,7.7,83,Robert Clouse,94724
This Is England,2006,Not Rated,101,Crime,7.7,86,Shane Meadows,114383
A Christmas Story,1983,PG,94,Comedy,7.9,77,Bob Clark,127810
The Wild Bunch,1969,R,135,Action,7.9,97,Sam Peckinpah,76290
The Secret World of Arrietty,2010,G,94,Animation,7.6,80,Hiromasa Yonebayashi,78044
The Bridges of Madison County,1995,PG-13,135,Drama,7.6,66,Clint Eastwood,71436
Wings of Desire,1987,PG-13,128,Drama,8,79,Wim Wenders,63191
Mary and Max,2009,Not Rated,92,Animation,8.1,0,Adam Elliot,161579
PK,2014,Not Rated,153,Comedy,8.1,0,Rajkumar Hirani,157853
Paprika,2006,R,90,Animation,7.7,81,Satoshi Kon,68948
Cinderella Man,2005,PG-13,144,Biography,8,69,Ron Howard,173810
Short Term 12,2013,R,96,Drama,8,82,Destin Daniel Cretton,80019
Fanny and Alexander,1982,R,188,Drama,8.1,100,Ingmar Bergman,56439
The Wave,2008,Not Rated,107,Drama,7.6,0,Dennis Gansel,100977
From Here to Eternity,1953,Passed,118,Drama,7.6,85,Fred Zinnemann,42513
Modern Times,1936,G,87,Comedy,8.5,96,Charles Chaplin,212241
The Last King of Scotland,2006,R,123,Biography,7.7,74,Idi Amin,173125
Frankenstein,1931,Passed,70,Drama,7.8,91,James Whale,63547
The Muppet Movie,1979,G,95,Adventure,7.6,74,James Frawley,32041
Me and Earl and the Dying Girl,2015,PG-13,105,Comedy,7.7,74,Alfonso Gomez-Rejon,120956
Hamlet,1996,PG-13,242,Drama,7.7,0,Kenneth Branagh,35606
Sabrina,1954,Passed,113,Comedy,7.7,72,Billy Wilder,57940
East of Eden,1955,PG,118,Drama,7.9,72,Elia Kazan,39521
All About Eve,1950,Passed,138,Drama,8.2,98,Joseph L. Mankiewicz,118103
Three Colors: Blue,1993,R,94,Drama,7.9,85,Krzysztof Kieslowski,86869
Manhattan,1979,R,96,Comedy,7.9,83,Woody Allen,129508
The Remains of the Day,1993,PG,134,Drama,7.8,84,James Ivory,64276
Kelly's Heroes,1970,GP,144,Adventure,7.6,50,Brian G. Hutton,44467
Freaks,1932,Not Rated,64,Drama,7.9,80,Tod Browning,41281
Notorious,1946,Not Rated,102,Drama,7.9,100,Alfred Hitchcock,90685
Mysterious Skin,2004,Unrated,105,Drama,7.6,73,Gregg Araki,65138
Strangers on a Train,1951,PG,101,Crime,7.9,88,Alfred Hitchcock,121392
Drishyam,2015,Not Rated,163,Crime,8.2,0,Nishikant Kamat,66578
Song of the Sea,2014,PG,93,Animation,8.1,85,Tomm Moore,49430
Black Book,2006,R,145,Drama,7.7,71,Paul Verhoeven,71706
Pride,2014,R,119,Biography,7.8,79,Matthew Warchus,50786
All About My Mother,1999,R,101,Drama,7.8,87,Pedro Almodóvar,87424
The Maltese Falcon,1941,Not Rated,100,Film-Noir,8,96,John Huston,147064
Rashomon,1950,Not Rated,88,Crime,8.2,98,Akira Kurosawa,148888
Fantasia,1940,G,125,Animation,7.7,96,James Algar,87027
The 400 Blows,1959,Not Rated,99,Crime,8.1,0,François Truffaut,102361
Bicycle Thieves,1948,Not Rated,89,Drama,8.3,0,Vittorio De Sica,142261
Touch of Evil,1958,PG-13,95,Crime,8,99,Orson Welles,97099
Zulu,1964,Not Rated,138,Drama,7.7,77,Cy Endfield,35268
Rio Bravo,1959,Passed,141,Action,8,93,Howard Hawks,54975
The Secret of NIMH,1982,G,82,Animation,7.6,76,Don Bluth,35597
Letters from Iwo Jima,2006,R,141,Action,7.9,89,Clint Eastwood,152360
Hannah and Her Sisters,1986,PG-13,107,Comedy,7.9,90,Woody Allen,65987
My Left Foot,1989,R,103,Biography,7.9,97,Christy Brown,66467
Harold and Maude,1971,PG,91,Comedy,7.9,62,Hal Ashby,69661
Whisper of the Heart,1995,G,111,Animation,7.9,75,Yoshifumi Kondô,49356
Loving Vincent,2017,PG-13,94,Animation,7.8,62,Dorota Kobiela,48752
Harakiri,1962,Not Rated,133,Action,8.6,85,Masaki Kobayashi,37996
Ordinary People,1980,R,124,Drama,7.7,86,Robert Redford,45911
7 Kogustaki Mucize,2019,,132,Drama,8.3,0,Miracle in Cell No. 7,29463
Malcolm X,1992,PG-13,202,Biography,7.7,73,Spike Lee,83753
National Lampoon's Christmas Vacation,1989,PG-13,97,Comedy,7.6,49,Jeremiah S. Chechik,148551
Dirty Harry,1971,R,102,Action,7.7,90,Don Siegel,140989
Detachment,2011,Not Rated,98,Drama,7.7,52,Tony Kaye,75146
Nosferatu,1922,Not Rated,94,Fantasy,7.9,0,F.W. Murnau,86906
The Man Who Shot Liberty Valance,1962,Not Rated,123,Drama,8.1,94,John Ford,67415
Billy Elliot,2000,R,110,Drama,7.7,74,Stephen Daldry,124374
Midnight Express,1978,R,121,Biography,7.6,59,Billy Hayes,72310
The Man from Earth,2007,Not Rated,87,Drama,7.9,0,Richard Schenkman,171175
Cool Hand Luke,1967,GP,127,Crime,8.1,92,Stuart Rosenberg,158871
Nausicaä of the Valley of the Wind,1984,PG,117,Animation,8.1,86,Hayao Miyazaki,145832
Dangerous Liaisons,1988,R,119,Drama,7.6,74,Stephen Frears,63505
Solaris,1972,PG,167,Drama,8.1,90,Andrei Tarkovsky,78590
A Separation,2011,PG-13,123,Drama,8.3,95,Asghar Farhadi,214894
The Artist,2011,PG-13,100,Comedy,7.9,89,Michel Hazanavicius,227766
The French Connection,1971,R,104,Action,7.7,94,William Friedkin,107744
Chhichhore,2019,,143,Comedy,8.2,0,Nitesh Tiwari,30053
Gandhi,1982,PG,191,Biography,8,79,Richard Attenborough,215529
The King of Comedy,1982,PG,109,Comedy,7.8,73,Martin Scorsese,84890
October Sky,1999,PG,108,Biography,7.8,71,Joe Johnston,80855
Sing Street,2016,PG-13,106,Comedy,7.9,79,John Carney,83145
Badlands,1973,PG,94,Action,7.8,93,Terrence Malick,64239
Rushmore,1998,R,93,Comedy,7.7,86,Wes Anderson,166290
The Insider,1999,R,157,Biography,7.8,84,Michael Mann,157390
Finding Neverland,2004,PG,106,Biography,7.7,67,J.M. Barrie,196599
Dawn of the Dead,1978,Unrated,127,Action,7.9,71,George A. Romero,109485
Serpico,1973,R,130,Biography,7.7,87,Frank Serpico,107142
Paper Moon,1973,PG,102,Comedy,8.1,77,Peter Bogdanovich,41417
The Red Shoes,1948,Not Rated,135,Drama,8.1,0,Michael Powell,30058
Dawn of the Planet of the Apes,2014,PG-13,130,Action,7.6,79,Matt Reeves,407353
Bonnie and Clyde,1967,R,111,Action,7.8,86,Bonnie Parker,100514
A Streetcar Named Desire,1951,PG,122,Drama,8,97,Elia Kazan,97501
Witness for the Prosecution,1957,Approved,116,Crime,8.4,0,Billy Wilder,105278
Lord of War,2005,R,122,Action,7.6,62,Andrew Niccol,290482
Blood Simple,1984,R,99,Crime,7.6,81,Joel Coen,85770
Rebel Without a Cause,1955,PG-13,111,Drama,7.7,89,Nicholas Ray,81842
Fiddler on the Roof,1971,G,181,Drama,8,67,Norman Jewison,38528
Miller's Crossing,1990,R,115,Crime,7.7,66,Joel Coen,124006
50/50,2011,R,100,Comedy,7.6,72,Jonathan Levine,312441
Doctor Zhivago,1965,PG-13,197,Drama,8,69,David Lean,68497
Flipped,2010,PG,90,Comedy,7.7,45,Rob Reiner,80059
Castle in the Sky,1986,PG,125,Animation,8,78,Hayao Miyazaki,145951
Days of Heaven,1978,PG,94,Drama,7.8,93,Terrence Malick,51341
The Best Offer,2013,R,131,Crime,7.8,49,Giuseppe Tornatore,105577
The Body,2012,,112,Mystery,7.6,0,Oriol Paulo,54959
Chungking Express,1994,PG-13,102,Comedy,8.1,77,Kar-Wai Wong,60398
Charade,1963,Passed,113,Comedy,7.9,83,Stanley Donen,66669
K.G.F: Chapter 1,2018,Not Rated,156,Action,8.2,0,Prashanth Neel,32179
The Mirror,1975,G,107,Biography,8.1,0,Andrei Tarkovsky,38337
Philomena,2013,PG-13,98,Biography,7.6,77,Stephen Frears,92974
"South Park: Bigger, Longer & Uncut",1999,R,81,Animation,7.7,73,Trey Parker,190181
It Happened One Night,1934,Approved,105,Comedy,8.1,87,Frank Capra,91727
Where Eagles Dare,1968,M,158,Action,7.7,63,Brian G. Hutton,50846
Wild Strawberries,1957,Not Rated,91,Drama,8.2,88,Ingmar Bergman,93381
Being There,1979,PG,130,Comedy,8,83,Hal Ashby,64419
The Chaser,2008,Not Rated,125,Action,7.8,64,Hong-jin Na,56552
The Cabinet of Dr. Caligari,1920,Not Rated,67,Fantasy,8.1,0,Robert Wiene,55847
Dead Man's Shoes,2004,Not Rated,90,Crime,7.6,52,Shane Meadows,48656
Frost/Nixon,2008,R,122,Biography,7.7,80,David Frost,101634
A Little Princess,1995,G,97,Drama,7.7,83,Alfonso Cuarón,31597
Stagecoach,1939,Passed,96,Adventure,7.8,93,John Ford,42465
Patton,1970,GP,172,Biography,7.9,91,George S. Patton,92568
Victoria,2015,Not Rated,138,Crime,7.6,77,Sebastian Schipper,51146
Breaking the Waves,1996,R,159,Drama,7.8,76,Lars von Trier,61309
Tangerines,2013,Not Rated,87,Drama,8.2,73,Zaza Urushadze,37729
Winter Sleep,2014,Not Rated,196,Drama,8.1,88,Nuri Bilge Ceylan,44127
Open Your Eyes,1997,R,119,Drama,7.8,0,Alejandro Amenábar,63084
Gully Boy,2019,Not Rated,153,Drama,8.1,65,Zoya Akhtar,30045
Yojimbo,1961,Not Rated,110,Action,8.2,0,Akira Kurosawa,108194
City Lights,1931,G,87,Comedy,8.5,99,Charles Chaplin,163486
The Day the Earth Stood Still,1951,G,92,Drama,7.7,0,Robert Wise,75502
Who's Afraid of Virginia Woolf?,1966,Not Rated,131,Drama,8,75,Mike Nichols,68003
The Big Sleep,1946,Not Rated,114,Crime,7.9,0,Howard Hawks,77688
Batman: Mask of the Phantasm,1993,PG,76,Animation,7.8,0,Kevin Altieri,42704
La Vie En Rose,2007,PG-13,140,Biography,7.6,66,Édith Piaf,81544
Amour,2012,PG-13,127,Drama,7.9,94,Michael Haneke,91433
Repulsion,1965,Not Rated,105,Drama,7.7,91,Roman Polanski,47862
To Have and Have Not,1944,Passed,100,Adventure,7.8,0,Howard Hawks,30382
Dead Man,1995,R,121,Adventure,7.6,62,Jim Jarmusch,88897
The Killing,1956,Approved,84,Crime,8,91,Stanley Kubrick,79904
"Spring, Summer, Fall, Winter... and Spring",2003,R,103,Drama,8,85,Ki-duk Kim,75824
High and Low,1963,Not Rated,143,Crime,8.4,0,Akira Kurosawa,31724
Porco Rosso,1992,PG,94,Animation,7.7,83,Hayao Miyazaki,74647
The Long Goodbye,1973,R,112,Comedy,7.6,87,Robert Altman,25407
The Lady Vanishes,1938,Not Rated,96,Mystery,7.8,0,Alfred Hitchcock,46347
The Taking of Pelham One Two Three,1974,R,104,Action,7.7,68,Joseph Sargent,25883
The Manchurian Candidate,1962,PG-13,126,Drama,7.9,94,John Frankenheimer,70331
The Battle of Algiers,1966,Not Rated,121,Drama,8.1,96,Gillo Pontecorvo,51431
Nebraska,2013,R,115,Adventure,7.7,87,Alexander Payne,110876
On Golden Pond,1981,PG,109,Drama,7.6,68,Mark Rydell,27085
The Double Life of Véronique,1991,R,98,Drama,7.8,86,Krzysztof Kieslowski,40847
The Message,1976,PG,177,Biography,8.2,0,Moustapha Akkad,43051
What Ever Happened to Baby Jane?,1962,Passed,134,Drama,8.1,75,Robert Aldrich,48927
The Longest Day,1962,G,178,Action,7.8,75,Ken Annakin,51504
Children of Heaven,1997,PG,89,Drama,8.3,77,Majid Majidi,62812
The Quiet Man,1952,Passed,129,Comedy,7.7,0,John Ford,33928
Contempt,1963,Not Rated,102,Drama,7.6,0,Jean-Luc Godard,28121
The Verdict,1982,R,129,Drama,7.7,77,Sidney Lumet,35218
Thank You for Smoking,2005,R,92,Comedy,7.6,71,Jason Reitman,211333
Talk to Her,2002,R,112,Drama,7.9,86,Pedro Almodóvar,103080
A Man Called Ove,2015,PG-13,116,Comedy,7.7,70,Hannes Holm,45302
Land of Mine,2015,R,100,Drama,7.8,75,Martin Zandvliet,34129
Delicatessen,1991,R,99,Comedy,7.6,66,Marc Caro,79316
Head-On,2004,R,121,Drama,7.9,78,Fatih Akin,50405
Belle de Jour,1967,R,100,Drama,7.7,0,Luis Buñuel,39308
Perfect Strangers,2016,,96,Comedy,7.8,0,Paolo Genovese,54770
The Night of the Hunter,1955,Not Rated,92,Crime,8,99,Charles Laughton,80433
The Lion in Winter,1968,PG,134,Biography,7.9,0,Anthony Harvey,28512
Neon Genesis Evangelion: The End of Evangelion,1997,TV-14,87,Animation,8.1,0,Neon Genesis Evangelion,36784
Waking Life,2001,R,99,Animation,7.8,83,Richard Linklater,60012
The Treasure of the Sierra Madre,1948,Passed,126,Adventure,8.2,98,John Huston,111951
The Grapes of Wrath,1940,Passed,129,Drama,8,96,John Ford,84751
The Bandit,1996,,128,Crime,8.2,0,Yavuz Turgul,62228
The Philadelphia Story,1940,Not Rated,112,Comedy,7.9,96,George Cukor,62296
Volver,2006,R,121,Comedy,7.6,84,Pedro Almodóvar,93347
The African Queen,1951,PG,105,Adventure,7.7,91,John Huston,70388
Ikiru,1952,Not Rated,143,Drama,8.3,0,Akira Kurosawa,65878
The Hurricane,1999,R,146,Biography,7.6,74,Norman Jewison,90298
Red River,1948,Passed,133,Action,7.8,0,Howard Hawks,27545
Sympathy for Mr. Vengeance,2002,R,129,Crime,7.6,56,Chan-wook Park,61291
Judgment at Nuremberg,1961,Approved,179,Drama,8.2,60,Stanley Kramer,67691
The Celebration,1998,R,105,Drama,8,82,Thomas Vinterberg,76548
3-Iron,2004,R,88,Crime,8,72,Ki-duk Kim,49039
5 Centimeters Per Second,2007,TV-PG,63,Animation,7.6,0,Makoto Shinkai,49516
Eyes Without a Face,1960,Not Rated,90,Drama,7.7,90,Georges Franju,26403
Gilda,1946,Not Rated,110,Drama,7.7,0,Charles Vidor,27324
Infernal Affairs,2002,R,101,Action,8,75,Andrew Lau,116587
"I, Daniel Blake",2016,R,100,Drama,7.9,78,Ken Loach,51890
Queen,2013,Not Rated,146,Adventure,8.2,0,Vikas Bahl,59706
The Hustler,1961,Not Rated,134,Drama,8,90,Robert Rossen,74143
The Diving Bell and the Butterfly,2007,PG-13,112,Biography,8,92,Jean-Dominique Bauby,102232
The Little Prince,2015,PG,108,Animation,7.7,70,Mark Osborne,55306
Andrei Rublev,1966,R,205,Biography,8.1,0,Andrei Tarkovsky,45059
Shadow of a Doubt,1943,PG,108,Thriller,7.8,94,Alfred Hitchcock,58212
Watership Down,1978,PG,91,Animation,7.6,64,Martin Rosen,33119
Rififi,1955,Not Rated,118,Crime,8.2,97,Jules Dassin,26889
Zindagi Na Milegi Dobara,2011,Not Rated,155,Comedy,8.1,0,Zoya Akhtar,66000
Once,2007,R,86,Drama,7.8,88,John Carney,109281
Le Samouraï,1967,GP,101,Crime,8.1,0,Jean-Pierre Melville,44156
Lilya 4-Ever,2002,R,109,Crime,7.8,82,Lukas Moodysson,41997
Withnail & I,1987,R,107,Comedy,7.7,84,Bruce Robinson,39531
Peeping Tom,1960,Not Rated,101,Drama,7.7,0,Michael Powell,30152
The White Ribbon,2009,R,144,Drama,7.8,82,Michael Haneke,67555
Elite Squad,2007,R,115,Action,8.1,33,José Padilha,96731
"Aguirre, the Wrath of God",1972,Not Rated,95,Action,7.9,0,Werner Herzog,51176
His Girl Friday,1940,Passed,92,Comedy,7.9,0,Howard Hawks,52457
Duck You Sucker,1971,PG,138,Drama,7.6,77,Sergio Leone,29444
When Marnie Was There,2014,PG,103,Animation,7.7,72,James Simone,30904
The Adventures of Robin Hood,1938,PG,102,Action,7.9,97,Michael Curtiz,46482
Short Cuts,1993,R,188,Comedy,7.7,79,Robert Altman,41676
A Hard Day's Night,1964,G,87,Comedy,7.6,96,The Beatles,39487
A Man for All Seasons,1966,G,120,Biography,7.7,72,Fred Zinnemann,30613
The Day of the Jackal,1973,PG,143,Crime,7.8,80,Fred Zinnemann,36671
Ayla: The Daughter of War,2017,,125,Biography,8.4,0,See full summary,32471
The Station Agent,2003,R,89,Comedy,7.6,81,Tom McCarthy,66678
Bride of Frankenstein,1935,Not Rated,75,Drama,7.8,95,James Whale,42333
Leviathan,2014,R,140,Crime,7.6,92,Andrey Zvyagintsev,48207
Once Were Warriors,1994,R,102,Crime,7.9,77,Lee Tamahori,31023
The Kid,1921,Passed,68,Comedy,8.3,0,Charles Chaplin,109719
Guess Who's Coming to Dinner,1967,Not Rated,108,Comedy,7.8,63,Stanley Kramer,38500
The Best Years of Our Lives,1946,Approved,170,Drama,8,93,William Wyler,56406
Secrets & Lies,1996,R,136,Comedy,8,91,Mike Leigh,36619
Cat on a Hot Tin Roof,1958,Not Rated,108,Drama,8,84,Richard Brooks,44129
A Prophet,2009,R,155,Crime,7.9,90,Jacques Audiard,92249
The Lunchbox,2013,PG,104,Drama,7.8,76,Ritesh Batra,49180
All Quiet on the Western Front,1930,Passed,152,Drama,8,91,Lewis Milestone,56485
Fearless,2006,PG-13,104,Action,7.6,70,Ronny Yu,72171
A Very Long Engagement,2004,R,133,Drama,7.6,76,Jean-Pierre Jeunet,70285
Throne of Blood,1957,Not Rated,110,Drama,8.1,0,Akira Kurosawa,45220
Three Colors: White,1994,R,92,Comedy,7.6,88,Krzysztof Kieslowski,62231
Lagaan: Once Upon a Time in India,2001,PG,224,Adventure,8.1,84,Ashutosh Gowariker,102889
The Legend of 1900,1998,R,169,Drama,8.1,58,Giuseppe Tornatore,57547
The Innocents,1961,Not Rated,100,Horror,7.8,88,Jack Clayton,26003
The Motorcycle Diaries,2004,R,126,Adventure,7.8,75,Walter Salles,95578
Fitzcarraldo,1982,PG,158,Adventure,8.1,0,Werner Herzog,30686
The 39 Steps,1935,Not Rated,86,Mystery,7.6,93,Alfred Hitchcock,50718
Tokyo Story,1953,Not Rated,136,Drama,8.2,0,Yasujirô Ozu,50853
Ninja Scroll,1993,Not Rated,94,Animation,7.9,0,Yoshiaki Kawajiri,33950
Good Bye Lenin!,2003,R,121,Comedy,7.7,68,Wolfgang Becker,135994
Battleship Potemkin,1925,Not Rated,66,Drama,8,0,Sergei M. Eisenstein,51950
Underground,1995,Not Rated,167,Comedy,8.1,0,Emir Kusturica,54338
The Tale of The Princess Kaguya,2013,PG,137,Animation,8,89,Isao Takahata,36706
Stalag 17,1953,Not Rated,120,Comedy,8,84,Billy Wilder,50410
The Vanishing,1988,Not Rated,107,Mystery,7.7,0,George Sluizer,33125
Loveless,2017,R,127,Drama,7.6,86,Andrey Zvyagintsev,28606
Night on Earth,1991,R,129,Comedy,7.8,68,Jim Jarmusch,54190
The Man Who Would Be King,1975,PG,129,Adventure,7.8,91,John Huston,43246
Cape Fear,1962,Passed,106,Drama,7.7,76,J. Lee Thompson,25804
The Sea Inside,2004,PG-13,126,Biography,8,74,Alejandro Amenábar,76496
Il Postino,1994,PG,108,Biography,7.7,81,Michael Radford,32944
The Salesman,2016,PG-13,124,Drama,7.8,85,Asghar Farhadi,48982
Mr. Smith Goes to Washington,1939,Passed,129,Comedy,8.1,73,Frank Capra,104859
Raise the Red Lantern,1991,PG,125,Drama,8.1,0,Yimou Zhang,28885
Ivan's Childhood,1962,Not Rated,84,Drama,8.1,0,Andrei Tarkovsky,30418
Hedwig and the Angry Inch,2001,R,95,Comedy,7.7,85,John Cameron Mitchell,31554
Once Upon a Time in Anatolia,2011,Not Rated,157,Crime,7.9,82,Nuri Bilge Ceylan,40129
Amarcord,1973,R,123,Comedy,7.9,0,Federico Fellini,38997
Wait Until Dark,1967,Not Rated,108,Thriller,7.8,81,Terence Young,27220
The Invisible Man,1933,TV-PG,71,Horror,7.7,87,James Whale,29413
The Secret of Kells,2009,Not Rated,75,Animation,7.6,81,Tomm Moore,30529
Control,2007,R,122,Biography,7.7,78,Ian Curtis,60776
Bajrangi Bhaijaan,2015,Not Rated,163,Action,8,0,Kabir Khan,70280
Only Yesterday,1991,PG,118,Animation,7.6,90,Isao Takahata,25671
Wolf Children,2012,PG,117,Animation,8.1,71,Mamoru Hosoda,37398
Arsenic and Old Lace,1944,Not Rated,118,Comedy,8,0,Frank Capra,64291
Kal ho naa ho,2003,Not Rated,186,Comedy,8,54,Nikkhil Advani,62195
Hera Pheri,2000,Not Rated,156,Action,8.2,0,Priyadarshan,55269
Cowboy Bebop: The Movie,2001,,115,Animation,7.9,61,Shin'ichirô Watanabe,42110
Kagemusha,1980,PG,162,Drama,8,84,Akira Kurosawa,31399
The Conformist,1970,R,113,Drama,8,100,Bernardo Bertolucci,26174
Uri: The Surgical Strike,2019,Not Rated,138,Action,8.3,0,Aditya Dhar,41601
Key Largo,1948,Not Rated,100,Action,7.8,0,John Huston,36385
My Name Is Khan,2010,PG-13,165,Drama,8,50,Karan Johar,96916
Swades,2004,Not Rated,189,Drama,8.2,0,Ashutosh Gowariker,81581
To Be or Not to Be,1942,Passed,99,Comedy,8.2,86,Ernst Lubitsch,27894
Rang De Basanti,2006,Not Rated,167,Comedy,8.2,0,Rakeysh Omprakash Mehra,109395
Bringing Up Baby,1938,Passed,102,Comedy,7.9,91,Howard Hawks,54071
Talvar,2015,Not Rated,132,Crime,8.2,0,Meghna Gulzar,30126
No Man's Land,2001,R,98,Comedy,7.9,84,Danis Tanovic,44040
Invasion of the Body Snatchers,1956,Not Rated,80,Drama,7.7,92,Don Siegel,44005
Inherit the Wind,1960,Passed,128,Biography,8.1,75,Stanley Kramer,26759
The General,1926,Passed,67,Action,8.1,0,Clyde Bruckman,79076
Hard Boiled,1992,R,128,Action,7.8,0,John Woo,46034
Cries & Whispers,1972,R,91,Drama,8.1,0,Ingmar Bergman,29293
The Hidden Fortress,1958,Not Rated,126,Adventure,8.1,0,Akira Kurosawa,33513
Crimes and Misdemeanors,1989,PG-13,104,Comedy,7.9,77,Woody Allen,53691
The Experiment,2001,R,120,Drama,7.7,60,Oliver Hirschbiegel,90060
Death Note,2006,Not Rated,126,Crime,7.7,0,Shûsuke Kaneko,28250
La Strada,1954,Not Rated,108,Drama,8,0,Federico Fellini,57122
In a Lonely Place,1950,Not Rated,94,Drama,8,0,Nicholas Ray,25498
Departures,2008,PG-13,130,Drama,8.1,68,Yôjirô Takita,47786
Miracle on 34th Street,1947,Not Rated,96,Comedy,7.9,88,George Seaton,39154
Down by Law,1986,R,107,Comedy,7.8,75,Jim Jarmusch,47009
The Broken Circle Breakdown,2012,Not Rated,111,Drama,7.8,70,Felix van Groeningen,38723
The Return,2003,Not Rated,110,Drama,8,82,Andrey Zvyagintsev,41490
Confessions,2010,Not Rated,106,Drama,7.8,0,Tetsuya Nakashima,34980
The Wages of Fear,1953,Not Rated,131,Adventure,8.1,85,Henri-Georges Clouzot,53177
Darbareye Elly,2009,TV-PG,119,Drama,8,87,Asghar Farhadi,43848
Baby,2015,Not Rated,159,Action,8,0,Neeraj Pandey,51893
Pink,2016,Not Rated,136,Drama,8.1,0,Aniruddha Roy Chowdhury,37899
My Father and My Son,2005,,112,Drama,8.3,0,Çagan Irmak,76475
The Gold Rush,1925,Passed,95,Adventure,8.2,0,Charles Chaplin,98027
Persepolis,2007,PG-13,96,Animation,8,90,Vincent Paronnaud,87222
Mustang,2015,PG-13,97,Drama,7.6,83,Deniz Gamze Ergüven,34803
The Passion of Joan of Arc,1928,Passed,114,Biography,8.1,0,Carl Theodor Dreyer,46080
The Thin Man,1934,TV-PG,91,Comedy,8,0,W.S. Van Dyke,25873
Lifeboat,1944,Not Rated,97,Drama,7.6,78,Alfred Hitchcock,25958
Haider,2014,Not Rated,160,Action,8.1,0,Vishal Bhardwaj,49532
My Sassy Girl,2001,Not Rated,137,Comedy,8,0,Jae-young Kwak,44783
Kahaani,2012,Not Rated,122,Mystery,8.1,0,Sujoy Ghosh,56623
The Discreet Charm of the Bourgeoisie,1972,PG,102,Comedy,7.9,93,Luis Buñuel,37588
Shine,1996,PG-13,105,Biography,7.7,87,Scott Hicks,50634
Pierrot le Fou,1965,Not Rated,110,Crime,7.6,0,Jean-Luc Godard,28689
Barfi!,2012,Not Rated,151,Comedy,8.1,0,Anurag Basu,74274
Sunrise,1927,Passed,94,Drama,8.1,0,F.W. Murnau,46206
The Past,2013,PG-13,130,Drama,7.8,85,Asghar Farhadi,44234
Diabolique,1955,Not Rated,117,Crime,8,0,Henri-Georges Clouzot,60461
Love Me If You Dare,2003,R,93,Comedy,7.6,45,Yann Samuell,66557
After the Wedding,2006,R,120,Drama,7.7,78,Susanne Bier,31419
The Odd Couple,1968,G,105,Comedy,7.7,86,Gene Saks,30970
Udta Punjab,2016,TV-MA,148,Action,7.8,0,Abhishek Chaubey,26442
The Magdalene Sisters,2002,R,114,Drama,7.7,83,Peter Mullan,25645
The Girl Who Leapt Through Time,2006,TV-PG,98,Animation,7.7,0,Mamoru Hosoda,58852
"4 Months, 3 Weeks and 2 Days",2007,Not Rated,113,Drama,7.9,97,Cristian Mungiu,55638
Evil,2003,Not Rated,113,Drama,7.8,61,Mikael Håfström,35208
The Exterminating Angel,1962,Not Rated,95,Drama,8.1,0,Luis Buñuel,28893
Vivre Sa Vie,1962,Not Rated,85,Drama,8,0,Jean-Luc Godard,26983
Sleuth,1972,PG,138,Mystery,8,0,Joseph L. Mankiewicz,44173
In a Better World,2010,R,118,Drama,7.6,65,Susanne Bier,38072
Badhaai Ho,2018,Not Rated,124,Comedy,8,0,Amit Ravindernath Sharma,26651
In America,2002,PG-13,105,Drama,7.7,76,Jim Sheridan,40125
Anand,1971,Not Rated,122,Drama,8.5,0,Hrishikesh Mukherjee,28546
Baahubali 2: The Conclusion,2017,Not Rated,167,Action,8.2,0,S.S. Rajamouli,72890
Ace in the Hole,1951,Approved,111,Drama,8.1,72,Billy Wilder,30672
Au Revoir les Enfants,1987,PG,104,Drama,8,88,Louis Malle,30576
Duck Soup,1933,Not Rated,69,Comedy,7.8,93,Leo McCarey,54849
Brief Encounter,1945,Not Rated,86,Drama,8,92,David Lean,34665
Interstate 60: Episodes of the Road,2002,R,116,Adventure,7.7,0,Bob Gale,29452
Central Station,1998,R,110,Drama,8,80,Walter Salles,35575
Harvey,1950,Approved,104,Comedy,7.9,0,Henry Koster,52037
Dil Chahta Hai,2001,Not Rated,183,Comedy,8.1,0,Farhan Akhtar,65667
L'Avventura,1960,Not Rated,144,Drama,7.9,0,Michelangelo Antonioni,25793
The Chorus,2004,PG-13,97,Drama,7.9,56,Christophe Barratier,56372
Nights of Cabiria,1957,Not Rated,110,Drama,8.1,0,Federico Fellini,42016
The Purple Rose of Cairo,1985,PG,82,Comedy,7.7,75,Woody Allen,46275
"Black Cat, White Cat",1998,R,127,Comedy,8.1,73,Emir Kusturica,49975
Kai Po Che,2013,Not Rated,120,Drama,7.7,40,Abhishek Kapoor,30948
Tokyo Godfathers,2003,PG-13,92,Animation,7.8,73,Satoshi Kon,30043
Sweet Smell of Success,1957,Approved,96,Drama,8.1,100,Alexander Mackendrick,27365
Udaan,2010,Not Rated,134,Drama,8.2,0,Vikramaditya Motwane,41690
Munna Bhai M.B.B.S.,2003,Not Rated,156,Comedy,8.1,0,Rajkumar Hirani,72224
The Virgin Spring,1960,Not Rated,89,Drama,8.1,0,Ingmar Bergman,26109
Joyeux Noel,2005,PG-13,116,Drama,7.7,70,Christian Carion,27182
The Killer,1989,R,111,Action,7.8,82,John Woo,45074
Dilwale Dulhania Le Jayenge,1995,Not Rated,181,Drama,8.1,0,Aditya Chopra,62095
Nine Queens,2000,R,114,Crime,7.9,80,Fabián Bielinsky,48956
Jules and Jim,1962,Not Rated,105,Drama,7.8,97,François Truffaut,36700
Lupin the 3rd: Castle of Cagliostro,1979,PG-13,102,Animation,7.7,71,Hayao Miyazaki,26051
Elite Squad 2: The Enemy Within,2010,Not Rated,115,Action,8,71,José Padilha,78314
Special 26,2013,Not Rated,144,Crime,8,0,Neeraj Pandey,49859
Vampire Hunter D: Bloodlust,2000,R,103,Animation,7.7,62,Yoshiaki Kawajiri,28709
A Wednesday,2008,Not Rated,104,Action,8.1,0,Neeraj Pandey,72785
Joint Security Area,2000,Not Rated,110,Action,7.8,58,Chan-wook Park,25684
The Lost Weekend,1945,Not Rated,101,Drama,7.9,0,Billy Wilder,32896
Celda 211,2009,,113,Action,7.6,0,Daniel Monzón,63031
Fireworks,1997,,103,Crime,7.8,0,Takeshi Kitano,27065
The Triplets of Belleville,2003,PG-13,80,Animation,7.8,91,Sylvain Chomet,50018
Sanjuro,1962,Not Rated,96,Action,8.1,0,Akira Kurosawa,31662
Sherlock Jr.,1924,Passed,45,Action,8.2,0,Buster Keaton,39993
The Circus,1928,Passed,72,Comedy,8.1,90,Charles Chaplin,27924
Dev.D,2009,Not Rated,144,Drama,8,0,Anurag Kashyap,28276
Black,2005,Not Rated,122,Drama,8.2,0,Sanjay Leela Bhansali,32948
La Grande Illusion,1937,Not Rated,113,Drama,8.1,0,Jean Renoir,33268
The Visitor,2007,PG-13,104,Drama,7.6,79,Tom McCarthy,41236
G.O.R.A.,2004,,127,Adventure,8,0,Ömer Faruk Sorak,55339
Chak De! India,2007,Not Rated,153,Drama,8.2,68,Shimit Amin,72550
The Shop Around the Corner,1940,Not Rated,99,Comedy,8.1,96,Ernst Lubitsch,26909
The Ladykillers,1955,Not Rated,91,Comedy,7.7,91,Alexander Mackendrick,25699
Adam's Apples,2005,R,94,Comedy,7.8,51,Anders Thomas Jensen,44591
Andaz Apna Apna,1994,PG,160,Comedy,8.2,0,Rajkumar Santoshi,48497
Zelig,1983,PG,79,Comedy,7.7,0,Woody Allen,39279
White Heat,1949,Not Rated,114,Action,8.1,0,Raoul Walsh,29066
OMG: Oh My God!,2012,Not Rated,125,Comedy,8.1,0,Umesh Shukla,50075
Hiroshima Mon Amour,1959,Not Rated,90,Drama,7.9,0,Alain Resnais,27559
The Muppet Christmas Carol,1992,G,85,Comedy,7.7,64,Brian Henson,46471
The Rules of the Game,1939,Not Rated,110,Comedy,8,0,Jean Renoir,26198
Le Dîner de Cons,1998,PG-13,80,Comedy,7.7,73,Francis Veber,36724
Love and Death,1975,PG,85,Comedy,7.7,89,Woody Allen,35345
Airlift,2016,Not Rated,130,Drama,8,0,Raja Menon,52059
Veer-Zaara,2004,Not Rated,192,Drama,7.8,67,Yash Chopra,48019
Jab We Met,2007,Not Rated,138,Comedy,7.9,0,Imtiaz Ali,46587
Knockin' on Heaven's Door,1997,Not Rated,87,Action,8,0,Thomas Jahn,27104
Tae Guk Gi: The Brotherhood of War,2004,R,140,Action,8.1,64,Je-kyu Kang,37404
Paan Singh Tomar,2012,Not Rated,135,Action,8.2,0,Tigmanshu Dhulia,32516
Kind Hearts and Coronets,1949,Not Rated,106,Comedy,8,0,Robert Hamer,33865
Sholay,1975,Not Rated,162,Action,8.2,0,Ramesh Sippy,50385
Vicky Donor,2012,Not Rated,126,Comedy,7.8,0,Shoojit Sircar,38984
Bhaag Milkha Bhaag,2013,Not Rated,186,Biography,8.2,0,Milkha Singh,59777
C.R.A.Z.Y.,2005,Not Rated,127,Comedy,7.9,81,Jean-Marc Vallée,31197
The Edge of Heaven,2007,Not Rated,122,Drama,7.8,85,Fatih Akin,30397
Drishyam,2013,Not Rated,160,Crime,8.3,0,Jeethu Joseph,29875
A Night at the Opera,1935,Passed,96,Comedy,7.9,0,Sam Wood,30085
The Breath,2009,,128,Action,8,0,Levent Semerci,31292
Vizontele,2001,,110,Comedy,8,0,Yilmaz Erdogan,32442
And Now for Something Completely Different,1971,PG,88,Comedy,7.6,0,Monty Python's Flying Circus,28461
English Vinglish,2012,Not Rated,134,Comedy,7.8,0,Gauri Shinde,32900
"Carry On, Munna Bhai",2006,PG-13,144,Comedy,8.1,0,Rajkumar Hirani,42113
